{
	"info": {
		"_postman_id": "15331c72-519a-45b3-8044-7824fe064d6e",
		"name": "Categories",
		"schema": "https://schema.getpostman.com/json/collection/v2.1.0/collection.json",
		"_exporter_id": "19006206"
	},
	"item": [
		{
			"name": "getCategories",
			"request": {
				"auth": {
					"type": "bearer",
					"bearer": [
						{
							"key": "token",
							"value": "{{accessToken}}",
							"type": "string"
						}
					]
				},
				"method": "GET",
				"header": [],
				"url": {
					"raw": "http://localhost:3000/api/v1/categories",
					"protocol": "http",
					"host": [
						"localhost"
					],
					"port": "3000",
					"path": [
						"api",
						"v1",
						"categories"
					]
				}
			},
			"response": []
		},
		{
			"name": "createCategory",
			"request": {
				"auth": {
					"type": "bearer",
					"bearer": [
						{
							"key": "token",
							"value": "eyJhbGciOiJIUzI1NiIsInR5cCI6IkpXVCJ9.eyJlbWFpbCI6InRlc3RAZ21haWwuY29tIiwiaWF0IjoxNjg5MjQ3MjYxLCJleHAiOjMxNzIzMzY4OTY2MX0.fKaDg0j-ZkYjOQzrk3XS7qYms-AyQqRwn7rfILC1aIg",
							"type": "string"
						}
					]
				},
				"method": "POST",
				"header": [],
				"body": {
					"mode": "raw",
					"raw": "{\r\n    \"user\": {\r\n        \"_id\": \"64b00d65308b3548b2fc7347\",\r\n        \"name\": \"test\",\r\n        \"surname\": \"test\",\r\n        \"genre\": \"Hombre\",\r\n        \"email\": \"test@gmail.com\"\r\n    },\r\n    \"name\": \"test\"\r\n}",
					"options": {
						"raw": {
							"language": "json"
						}
					}
				},
				"url": {
					"raw": "http://localhost:3000/api/v1/categories",
					"protocol": "http",
					"host": [
						"localhost"
					],
					"port": "3000",
					"path": [
						"api",
						"v1",
						"categories"
					]
				}
			},
			"response": []
		},
		{
			"name": "updateCategory",
			"request": {
				"auth": {
					"type": "bearer",
					"bearer": [
						{
							"key": "token",
							"value": "{{accessToken}}",
							"type": "string"
						}
					]
				},
				"method": "PUT",
				"header": [],
				"body": {
					"mode": "raw",
					"raw": "{\r\n    \"originalName\": \"TEST\",\r\n    \"newName\": \"TEST 2\",\r\n    \"user\": {\r\n        \"name\": \"Usuario\",\r\n        \"surname\": \"Test test\",\r\n        \"genre\": \"Hombre\",\r\n        \"email\": \"test@gmail.com\"\r\n    }\r\n}",
					"options": {
						"raw": {
							"language": "json"
						}
					}
				},
				"url": {
					"raw": "http://localhost:3000/api/v1/categories",
					"protocol": "http",
					"host": [
						"localhost"
					],
					"port": "3000",
					"path": [
						"api",
						"v1",
						"categories"
					]
				}
			},
			"response": []
		},
		{
			"name": "deleteCategory",
			"request": {
				"auth": {
					"type": "bearer",
					"bearer": [
						{
							"key": "token",
							"value": "{{accessToken}}",
							"type": "string"
						}
					]
				},
				"method": "DELETE",
				"header": [],
				"url": {
					"raw": "http://localhost:3000/api/v1/categories/64b15acae35d0f60c9d28427",
					"protocol": "http",
					"host": [
						"localhost"
					],
					"port": "3000",
					"path": [
						"api",
						"v1",
						"categories",
						"64b15acae35d0f60c9d28427"
					]
				}
			},
			"response": []
		}
	]
}