{
	"info": {
		"_postman_id": "8f025f5a-7f9d-4b1d-b47b-6520df679613",
		"name": "Items",
		"schema": "https://schema.getpostman.com/json/collection/v2.1.0/collection.json",
		"_exporter_id": "19006206"
	},
	"item": [
		{
			"name": "getItems",
			"request": {
				"auth": {
					"type": "bearer",
					"bearer": [
						{
							"key": "token",
							"value": "{{accessToken}}",
							"type": "string"
						}
					]
				},
				"method": "GET",
				"header": [],
				"url": {
					"raw": "http://localhost:3000/api/v1/items?description=test&user=64371c7a84ffb135d9cecb7b",
					"protocol": "http",
					"host": [
						"localhost"
					],
					"port": "3000",
					"path": [
						"api",
						"v1",
						"items"
					],
					"query": [
						{
							"key": "description",
							"value": "test"
						},
						{
							"key": "user",
							"value": "64371c7a84ffb135d9cecb7b"
						}
					]
				}
			},
			"response": []
		},
		{
			"name": "createItem",
			"request": {
				"auth": {
					"type": "bearer",
					"bearer": [
						{
							"key": "token",
							"value": "{{accessToken}}",
							"type": "string"
						}
					]
				},
				"method": "POST",
				"header": [],
				"body": {
					"mode": "raw",
					"raw": "{\r\n    \"description\": \"Test\",\r\n    \"quantity\": 1,\r\n    \"unit\": \"kg\",\r\n    \"category\": {\r\n        \"name\": \"TEST 2\",\r\n        \"user\": {\r\n            \"name\": \"Usuario\",\r\n            \"surname\": \"Test test\",\r\n            \"genre\": \"Hombre\",\r\n            \"email\": \"test@gmail.com\"\r\n        }\r\n    },\r\n    \"user\": {\r\n        \"name\": \"Usuario\",\r\n        \"surname\": \"Test test\",\r\n        \"genre\": \"Hombre\",\r\n        \"email\": \"test@gmail.com\"\r\n    }\r\n}",
					"options": {
						"raw": {
							"language": "json"
						}
					}
				},
				"url": {
					"raw": "http://localhost:3000/api/v1/items",
					"protocol": "http",
					"host": [
						"localhost"
					],
					"port": "3000",
					"path": [
						"api",
						"v1",
						"items"
					]
				}
			},
			"response": []
		},
		{
			"name": "updateItem",
			"request": {
				"auth": {
					"type": "bearer",
					"bearer": [
						{
							"key": "token",
							"value": "{{accessToken}}",
							"type": "string"
						}
					]
				},
				"method": "PUT",
				"header": [],
				"body": {
					"mode": "raw",
					"raw": "{\r\n    \"description\": \"Test 3\",\r\n    \"quantity\": 1,\r\n    \"unit\": \"kg\",\r\n    \"category\": {\r\n        \"name\": \"CATEGORIA 1\"\r\n    }\r\n}",
					"options": {
						"raw": {
							"language": "json"
						}
					}
				},
				"url": {
					"raw": "http://localhost:3000/api/v1/items/64b15b25e35d0f60c9d2843f",
					"protocol": "http",
					"host": [
						"localhost"
					],
					"port": "3000",
					"path": [
						"api",
						"v1",
						"items",
						"64b15b25e35d0f60c9d2843f"
					]
				}
			},
			"response": []
		},
		{
			"name": "deleteItem",
			"request": {
				"auth": {
					"type": "bearer",
					"bearer": [
						{
							"key": "token",
							"value": "{{accessToken}}",
							"type": "string"
						}
					]
				},
				"method": "DELETE",
				"header": [],
				"url": {
					"raw": "http://localhost:3000/api/v1/items/642b345998abb4c44fcb2516",
					"protocol": "http",
					"host": [
						"localhost"
					],
					"port": "3000",
					"path": [
						"api",
						"v1",
						"items",
						"642b345998abb4c44fcb2516"
					]
				}
			},
			"response": []
		}
	]
}