{
	"info": {
		"_postman_id": "dd320fc1-f4fd-4ada-9070-8b6070164306",
		"name": "Users",
		"schema": "https://schema.getpostman.com/json/collection/v2.1.0/collection.json",
		"_exporter_id": "19006206"
	},
	"item": [
		{
			"name": "createUser",
			"request": {
				"method": "POST",
				"header": [],
				"body": {
					"mode": "raw",
					"raw": "{\r\n  \"name\": \"test\",\r\n  \"surname\": \"test\",\r\n  \"genre\": \"Hombre\",\r\n  \"email\": \"test@gmail.com\",\r\n  \"password\": \"123456\"\r\n}",
					"options": {
						"raw": {
							"language": "json"
						}
					}
				},
				"url": {
					"raw": "http://localhost:3000/api/v1/users",
					"protocol": "http",
					"host": [
						"localhost"
					],
					"port": "3000",
					"path": [
						"api",
						"v1",
						"users"
					]
				}
			},
			"response": []
		},
		{
			"name": "deleteUser",
			"request": {
				"auth": {
					"type": "bearer",
					"bearer": [
						{
							"key": "token",
							"value": "{{accessToken}}",
							"type": "string"
						}
					]
				},
				"method": "DELETE",
				"header": [],
				"url": {
					"raw": "http://localhost:3000/api/v1/users/64371c7a84ffb135d9cecb7b",
					"protocol": "http",
					"host": [
						"localhost"
					],
					"port": "3000",
					"path": [
						"api",
						"v1",
						"users",
						"64371c7a84ffb135d9cecb7b"
					]
				}
			},
			"response": []
		},
		{
			"name": "getUser",
			"request": {
				"auth": {
					"type": "bearer",
					"bearer": [
						{
							"key": "token",
							"value": "{{accessToken}}",
							"type": "string"
						}
					]
				},
				"method": "GET",
				"header": [],
				"url": {
					"raw": "http://localhost:3000/api/v1/users?email=test@gmail.com",
					"protocol": "http",
					"host": [
						"localhost"
					],
					"port": "3000",
					"path": [
						"api",
						"v1",
						"users"
					],
					"query": [
						{
							"key": "email",
							"value": "test@gmail.com"
						}
					]
				}
			},
			"response": []
		}
	]
}